{"cameraMode":{"drawMode":0,"name":"Shaded","section":"Shading Mode"},"sceneLighting":false,"audioPlay":false,"sceneViewState":{"m_AlwaysRefresh":false,"showFog":false,"showSkybox":false,"showFlares":false,"showImageEffects":false,"showParticleSystems":false,"showVisualEffectGraphs":true,"m_FxEnabled":true},"in2DMode":false,"pivot":{"x":-0.47448304295539858,"y":1.2819502353668213,"z":-0.4621785879135132},"rotation":{"x":-0.008787902072072029,"y":0.9885377883911133,"z":-0.13668447732925416,"w":-0.06355523318052292},"size":1.0614382028579713,"orthographic":false}