{"cameraMode":{"drawMode":0,"name":"Shaded","section":"Shading Mode"},"sceneLighting":true,"audioPlay":false,"sceneViewState":{"m_AlwaysRefresh":false,"showFog":true,"showSkybox":true,"showFlares":true,"showImageEffects":true,"showParticleSystems":true,"showVisualEffectGraphs":true,"m_FxEnabled":true},"in2DMode":false,"pivot":{"x":-0.22580888867378236,"y":7.7927374839782719,"z":-1.2216204404830933},"rotation":{"x":0.30051493644714358,"y":-0.5908737778663635,"z":0.2518383860588074,"w":0.7050797939300537},"size":14.741272926330567,"orthographic":false}